date,sales_amount,customer_count,region,product_category,discount_percentage,satisfaction_score
2023-01-01,1163.5298895154342,37,North,Clothing,5.838675354622952,3.879023622491331
2023-01-02,1079.6240656500568,53,South,Electronics,11.032780526318689,4.58778625383558
2023-01-03,1269.8702590187843,49,North,Books,12.42389257586781,3.5229146760073013
2023-01-04,1628.4892352871123,52,North,Clothing,24.82613686700623,3.6851601341460305
2023-01-05,1162.946942246512,33,South,Home,22.00843141684206,5.0
2023-01-06,1173.156714296768,49,South,Clothing,23.079146809240193,3.9321797343147673
2023-01-07,1320.1971852794907,45,West,Electronics,0.3309379328594164,3.8770812294064028
2023-01-08,1297.4954071372495,49,North,Electronics,12.484619945392845,3.435901936520518
2023-01-09,1036.9496433028642,52,East,Clothing,14.440324549059708,4.538879252474769
2023-01-10,1114.8944695170878,54,South,Home,0.5757683046917006,5.0
2023-01-11,978.0363017954883,46,West,Home,7.794396262351027,3.345973668596582
2023-01-12,1113.6956207047103,54,East,Home,22.80869469366405,4.219375565338207
2023-01-13,1091.515888583023,61,North,Electronics,4.113291171869972,5.0
2023-01-14,716.4850925478132,52,West,Clothing,16.05930394357775,4.136286887003428
2023-01-15,697.3046623046015,63,South,Books,6.456056160517125,4.561897436999788
2023-01-16,890.7698049193534,33,East,Electronics,0.3636232393167982,3.3500851774824962
2023-01-17,855.1364326613674,47,South,Home,7.236043727986244,4.542645677766119
2023-01-18,1374.011536457884,52,North,Clothing,29.276212647301612,4.050284587996361
2023-01-19,1015.1874187598452,58,East,Home,24.046113356489688,4.98858399654389
2023-01-20,924.099434239882,48,North,Books,28.787299329631,5.0
2023-01-21,1482.3873276958643,58,North,Home,14.635621317790873,5.0
2023-01-22,986.2790495279322,49,West,Home,3.292085960325105,4.66370653857086
2023-01-23,1180.113650861619,67,South,Books,16.43878466921079,4.460637053265733
2023-01-24,812.5211661290484,44,East,Clothing,13.631320036798826,4.355507441261869
2023-01-25,1116.8513753664126,52,North,Electronics,25.330712482188478,3.9174669657514496
2023-01-26,1052.2620666092075,40,North,Clothing,2.942477423527338,4.470787074769353
2023-01-27,882.5558808453471,50,East,Books,14.647234110653345,3.9636788718887765
2023-01-28,1123.5365822361862,50,North,Home,4.501459940819528,4.334768781015692
2023-01-29,965.5742646807317,51,West,Clothing,9.7402778067018,5.0
2023-01-30,1149.963426207293,60,West,Electronics,22.120712321633988,3.3947659477762873
2023-01-31,1005.2787210058152,41,West,Books,14.280543881062997,5.0
2023-02-01,1524.9971026687972,56,West,Clothing,11.27664855437308,5.0
2023-02-02,1115.3239785242852,54,North,Electronics,11.834288357101059,4.105545178407137
2023-02-03,897.134132637627,41,East,Books,13.7834030521796,2.502516080793124
2023-02-04,1438.7566274147548,47,East,Electronics,23.550496315111708,3.7137424103244543
2023-02-05,958.1109210241223,48,East,Books,26.76254066820703,5.0
2023-02-06,1340.3452031754866,61,East,Home,28.66004059511785,4.181705550160895
2023-02-07,751.6127277151736,50,South,Clothing,23.607101587658853,3.4005582141640716
2023-02-08,803.8497166251852,48,East,Electronics,9.462206872440381,3.796180063017426
2023-02-09,1253.9406819208652,50,South,Books,20.644041182596265,4.872496021203642
2023-02-10,1298.3635701606893,50,South,Electronics,13.128093721661758,4.637386854561104
2023-02-11,1113.2933908579864,53,West,Electronics,7.6401186613815355,4.008854320664245
2023-02-12,1223.297096117947,37,South,Clothing,25.22614738277768,3.9065404705482503
2023-02-13,950.6129466300063,41,North,Home,1.15279046886975,3.8865934807649425
2023-02-14,894.8277034401559,41,South,Electronics,27.052859764062706,3.462071852401198
2023-02-15,974.5428848955911,43,West,Books,13.844323938742026,5.0
2023-02-16,1081.421506542683,61,South,Books,19.116044304248412,3.942143624630928
2023-02-17,1451.051683072019,53,North,Home,19.78061766617348,5.0
2023-02-18,1355.7137097470911,43,North,Books,26.85353222119609,5.0
2023-02-19,771.0444206558465,42,North,Home,19.10009046501622,4.998648718518369
2023-02-20,1260.9348312926065,42,West,Books,18.418007542801853,3.8547037498255614
2023-02-21,941.439164898533,40,West,Clothing,1.9995612168206989,4.522984072269288
2023-02-22,999.0826988109812,43,East,Electronics,15.552240658356123,4.180643514887267
2023-02-23,1172.8972470404087,50,West,Clothing,4.50507002451125,3.4770385114158975
2023-02-24,1473.0476669210902,53,North,Electronics,22.123013061644567,4.459487425377283
2023-02-25,1368.5439255527433,36,North,Electronics,15.366657624380235,3.256768167072158
2023-02-26,1001.9732847923101,57,West,Electronics,20.4068333762506,5.0
2023-02-27,949.88624841424,43,South,Clothing,1.250187018071528,3.8283061621612857
2023-02-28,1093.3756007459115,47,West,Electronics,2.543760481374097,4.360927724698271
2023-03-01,1451.9343892833763,52,West,Clothing,21.48970164188047,4.426630297236914
2023-03-02,923.7179958247791,49,North,Home,2.162530079960201,3.9928760210367384
2023-03-03,983.4514559273756,31,East,Books,2.1377018329577577,4.66935504118022
2023-03-04,781.561785991206,50,North,Books,0.3632542570466235,3.8200770747019805
2023-03-05,979.0586961584141,40,East,Electronics,28.695041948984404,4.8970378379657955
2023-03-06,1419.7123474940631,51,North,Clothing,22.12525078377021,3.1232162558026015
2023-03-07,1405.9690502863555,45,West,Books,10.597542255061924,4.30110366363713
2023-03-08,1073.2774362745445,43,North,Clothing,8.896067438629657,5.0
2023-03-09,1326.6738702351029,52,North,Clothing,10.491096892375486,3.3997349403155406
2023-03-10,1321.53182179221,56,North,Electronics,23.239605935435456,3.657804023580119
2023-03-11,1043.7874376210923,38,West,Books,19.841118332112433,4.611126279727133
2023-03-12,1131.8535233251396,52,West,Electronics,5.555867036024038,4.343665425551679
2023-03-13,1375.9073053518334,49,West,Electronics,5.22328006002253,4.480504079418847
2023-03-14,1022.141979508336,45,West,Books,2.9518694914019195,4.591349704118131
2023-03-15,1573.0078547510489,53,East,Books,19.809081591040144,4.707777174849416
2023-03-16,585.2150854752457,52,East,Home,22.93117986665208,5.0
2023-03-17,1256.9649687655078,39,South,Home,7.951392849750121,4.52785492554281
2023-03-18,1023.8022938040343,44,West,Clothing,0.6283488309273844,4.006993876305166
2023-03-19,963.3758341952254,43,East,Books,2.4651500242928206,4.738058960962185
2023-03-20,1314.038861063113,38,North,Home,29.035801045350915,5.0
2023-03-21,655.8866389813297,40,West,Clothing,8.863343324322608,4.0938930028939415
2023-03-22,1176.693964720703,57,South,Clothing,23.07669443514401,3.420376556263487
2023-03-23,1272.2060977628234,42,South,Clothing,18.739907065627914,5.0
2023-03-24,1444.0286799777962,63,South,Home,11.458189189586877,4.103695068837122
2023-03-25,951.6560400674852,51,North,Books,6.170617865866653,2.461864363188771
2023-03-26,868.8287963155846,56,East,Electronics,3.641592544782193,4.8779373417203375
2023-03-27,1065.6372563781927,46,North,Clothing,18.450389041165998,3.771737451236862
2023-03-28,1458.016641926115,50,West,Home,23.239013419133638,4.127573374156672
2023-03-29,1271.6225522662503,40,South,Home,19.31712760623392,4.465584264455212
2023-03-30,1036.2826212512493,45,North,Electronics,15.90906399747475,4.352399743823253
2023-03-31,1116.5307854581652,42,North,Electronics,1.258536702949088,4.767561453711232
2023-04-01,1315.6032541739196,51,East,Home,29.054663327831513,3.8516109035441257
2023-04-02,1479.763485639774,46,East,Books,23.961425749637236,4.610484638540866
2023-04-03,935.1013952255361,46,South,Electronics,8.784661101028941,3.9923626579328664
2023-04-04,1209.1927185849108,45,North,Home,29.39910988076552,4.7910483847100025
2023-04-05,1087.9826855534723,56,North,Electronics,18.056447689089662,4.6922939872104426
2023-04-06,830.8807518507214,49,East,Books,17.472679746217395,3.451649038364324
2023-04-07,1296.93718747121,47,North,Clothing,22.442195382885963,5.0
2023-04-08,1308.456997841656,40,North,Electronics,24.353093642704128,3.7712292439087616
2023-04-09,1198.1676860216605,64,North,Books,19.69435821994508,4.8464462386249165
2023-04-10,989.7083203985749,51,East,Home,3.8428723909860008,4.493829850721073
2023-04-11,789.679667530008,41,South,Electronics,10.148025179834953,5.0
2023-04-12,1170.872384998451,43,West,Electronics,27.842509209781493,4.0212272141025185
2023-04-13,994.2230383987559,42,South,Home,6.7384683553155575,3.920546563105442
2023-04-14,933.2797846922083,53,West,Clothing,11.1650107151254,4.184464315289814
2023-04-15,1093.1846528964518,47,North,Home,12.96230648832588,3.95745617373258
2023-04-16,1223.284186025721,48,South,Electronics,13.182149690833565,4.839953521553641
2023-04-17,1630.4861349181663,49,West,Home,18.388187474835764,2.9069515132507298
2023-04-18,1327.7167209150614,49,East,Books,28.292275132341228,3.357054064682917
2023-04-19,1127.4373218128992,55,East,Home,7.2207813549751485,3.345757662736646
2023-04-20,1021.0185128635076,44,South,Electronics,3.645041289027542,4.960246073578861
2023-04-21,652.752862389318,47,South,Home,5.924114695798119,5.0
2023-04-22,1259.36374599272,61,North,Clothing,26.607747006278085,4.116440625170023
2023-04-23,1208.1231250344715,53,South,Home,19.37432437965618,4.064942621447992
2023-04-24,1620.6759178787665,41,North,Clothing,8.577203677174804,4.256041730490545
2023-04-25,1196.8945083109481,52,North,Books,24.47840816905852,5.0
2023-04-26,1334.305097365912,60,East,Clothing,25.84109989090308,3.458117492647541
2023-04-27,1245.2489070194265,41,East,Home,25.39543016070834,4.390695186187829
2023-04-28,977.5065970849364,44,West,Electronics,27.567796009186633,4.980158103825944
2023-04-29,1321.5328765116524,47,East,Clothing,7.567230605200848,4.600875335951876
2023-04-30,1410.9636431985098,40,East,Books,22.65125786238835,4.3516652932789945
2023-05-01,1318.2263259039908,41,South,Clothing,13.8161849182242,5.0
2023-05-02,1024.779899650858,57,East,Clothing,25.259956586701847,2.03741416560061
2023-05-03,1560.4214199852415,44,West,Clothing,21.854720314848397,4.742300255624726
2023-05-04,887.2562007067818,55,South,Books,23.293423394991738,3.676739453498061
2023-05-05,1337.324363811825,54,West,Home,19.684855130432144,2.735493682514835
2023-05-06,1514.6387467788354,44,East,Clothing,5.322863084091206,4.608962079619984
2023-05-07,933.0086729624553,43,West,Clothing,16.35080756690815,5.0
2023-05-08,1148.6844016627213,52,South,Electronics,29.540092185735247,4.090041188297847
2023-05-09,1306.751412993262,49,North,Books,28.121641994913567,4.962299637762351
2023-05-10,910.9527744236011,42,West,Clothing,1.29521207391035,5.0
2023-05-11,723.9774200466321,50,West,Books,4.944444471883114,5.0
2023-05-12,1053.7731299921097,63,South,Clothing,3.951863203636857,5.0
2023-05-13,959.0605609822924,54,South,Home,21.779397299558866,4.793701992857514
2023-05-14,1363.2919016104047,52,West,Home,24.53355989570835,4.260346911121275
2023-05-15,868.3901115782168,48,East,Clothing,6.405340989320157,2.9184273504822653
2023-05-16,1508.7849984496656,49,West,Home,15.17558078855487,4.003150009496041
2023-05-17,1056.0512450621036,59,South,Clothing,25.221090840336,3.525402723747047
2023-05-18,1141.2677295936232,52,North,Home,21.98404634298752,5.0
2023-05-19,1351.8417632754504,35,North,Electronics,16.26711616475545,4.0592913500541306
2023-05-20,887.3331694623467,57,East,Electronics,17.710430713763188,4.298563845427589
2023-05-21,1204.9380504011237,46,West,Electronics,15.250816407488399,4.641188300832374
2023-05-22,1374.0293843834932,51,North,Books,8.926453539564617,4.234881957097963
2023-05-23,793.5141481047048,47,West,Books,16.950659785770483,5.0
2023-05-24,1251.22385540571,55,South,Electronics,20.66655906150272,3.7018805106124386
2023-05-25,1327.5911295872322,44,North,Books,26.19968747582423,4.355685964189794
2023-05-26,1377.1000085685441,41,East,Home,19.088740619377443,3.6060235314415614
2023-05-27,924.458129358722,50,South,Clothing,22.83364611129474,3.1439819910234355
2023-05-28,771.248108932938,62,East,Clothing,4.80214904863719,3.710584727275772
2023-05-29,1257.3099172985671,52,South,Clothing,13.846724232593697,4.170370562361271
2023-05-30,1062.3627014786703,41,North,Electronics,0.2799485948127989,3.856558220386192
2023-05-31,1127.8097069393086,50,East,Books,7.400365935648691,3.646063216100915
2023-06-01,1302.3290380614367,37,East,Home,21.793851453390147,3.074946029062533
2023-06-02,1121.0707239276032,43,South,Home,29.754298540480903,4.133515541897045
2023-06-03,1077.5862381267575,51,East,Electronics,2.975342987616477,2.9962237007751984
2023-06-04,1186.1228053480124,56,South,Home,12.044829475838647,4.808044770951682
2023-06-05,1062.859097143756,50,South,Home,24.002129060974784,4.265951802347603
2023-06-06,1457.2066618049716,48,South,Home,6.121069038866965,3.0339588004280555
2023-06-07,1277.0731203459677,42,South,Home,16.65254847906859,3.9526327383601094
2023-06-08,929.262065448831,47,North,Books,21.992138880890245,3.5982748755275336
2023-06-09,1340.372005018875,53,South,Home,18.47956350780537,4.455339608335344
2023-06-10,850.4752305964204,55,West,Clothing,5.640742038462484,5.0
2023-06-11,1280.815354699424,44,East,Electronics,10.661537060572183,2.699862024283404
2023-06-12,1521.342512929126,57,West,Books,23.513753534561918,4.2920208633179335
2023-06-13,974.8408565386719,53,North,Home,16.6267954239605,4.071893763546688
2023-06-14,1194.546395002883,39,West,Books,0.1568884062873821,4.737072061160372
2023-06-15,1329.7007616745982,58,East,Home,22.829722800842816,4.370557302590152
2023-06-16,1176.7471219664772,54,West,Clothing,1.059340648207172,3.5984245346089447
2023-06-17,1687.9488877109143,45,North,Electronics,22.372013481936964,3.9447568514667055
2023-06-18,1008.685365457828,43,South,Home,6.0744168049571226,3.563179314557209
2023-06-19,1093.3467333596473,43,West,Home,28.742204403581407,5.0
2023-06-20,912.8420230136929,48,North,Home,11.038222539062534,4.217049318937554
2023-06-21,918.9145774029973,57,North,Home,9.807948490142373,5.0
2023-06-22,1028.5573018253947,45,East,Electronics,4.46664150997334,4.151471348948304
2023-06-23,1166.1671085079997,52,East,Electronics,9.168126464706447,3.63327458647163
2023-06-24,1332.8870604158749,53,West,Clothing,26.299522854846018,2.9890284859097385
2023-06-25,1513.7860155668586,51,South,Electronics,29.89003012881742,2.7574882589952443
2023-06-26,1113.380560769231,56,North,Home,11.04928591520545,2.932691245595608
2023-06-27,1464.4142550858744,59,West,Clothing,13.458318928636277,4.413701320809187
2023-06-28,1152.223854340556,60,North,Clothing,21.66212814608211,4.606980018583947
2023-06-29,1954.5287137124214,48,North,Clothing,26.585873413952235,2.9350474383742933
2023-06-30,1325.3096783496992,45,South,Home,17.791330025603525,4.9160306512608924
2023-07-01,925.8902455266352,53,South,Books,11.74577094533488,3.8135511586532487
2023-07-02,883.0956346083073,41,West,Home,12.378655225458711,4.31743440958844
2023-07-03,1325.3169210313172,42,South,Electronics,20.868544394904205,5.0
2023-07-04,956.229772287178,40,South,Electronics,0.09654790812836045,4.917471452692426
2023-07-05,1355.2201256412018,45,West,Home,18.58768012379522,3.985175481675334
2023-07-06,1211.3893881159422,53,South,Home,10.664790313240722,3.48704621966777
2023-07-07,1220.2229851674367,43,East,Clothing,23.825919938312527,2.478547678936556
2023-07-08,853.8138149547754,59,North,Home,2.789719194693965,3.624677344606064
2023-07-09,820.029040848902,52,North,Clothing,17.646068008451714,4.031095808937844
2023-07-10,1042.1031813400505,48,North,Electronics,14.429186696583713,3.410256378279053
2023-07-11,1396.9826249931684,50,North,Clothing,19.26976577715682,4.094994426326156
2023-07-12,1063.1079121027208,42,West,Home,1.9456078344890504,4.261481506367015
2023-07-13,881.4968827846333,38,North,Electronics,17.399513622843937,4.020115214553537
2023-07-14,1208.9158668057335,44,North,Books,16.844537638785713,3.679997935341232
2023-07-15,1258.2234289805563,45,North,Clothing,16.819802832485127,4.334923737573383
2023-07-16,972.270989032093,55,North,Electronics,18.104629997893646,4.553552519655527
2023-07-17,1239.9248086761468,51,East,Clothing,20.294038116790865,3.327680738045723
2023-07-18,1255.9498862755036,53,North,Electronics,24.149669990423092,5.0
2023-07-19,833.8483323415907,55,East,Electronics,8.09462160384643,4.121129494172591
2023-07-20,1336.783830161189,52,West,Clothing,24.75148230540186,4.215079698355878
2023-07-21,1278.3984545599865,50,South,Books,14.94767046790361,4.766571538605246
2023-07-22,1244.7352162761579,46,North,Electronics,2.3117483740299347,4.3865729050108015
2023-07-23,1232.0277545433255,40,South,Electronics,1.756527877319376,4.962509307130596
2023-07-24,797.1094284214975,55,South,Electronics,10.027149560881824,4.4296993321614595
2023-07-25,1003.7383228170864,54,West,Books,23.546909313344027,3.71005010028765
2023-07-26,1337.1801722233722,44,South,Books,21.230428042227473,4.4892028201648815
2023-07-27,1363.6524369558322,57,East,Home,23.658448940172192,3.285019034143471
2023-07-28,1274.1753480367702,45,South,Clothing,15.518071693248281,4.286847764621219
2023-07-29,2004.3641100122577,47,South,Books,13.205969938664717,4.173416007484431
2023-07-30,1163.4646150469796,62,South,Clothing,4.423575801188519,4.033506514181968
2023-07-31,1347.932018980213,66,North,Home,9.845782608279347,4.0971699908488555
2023-08-01,1345.8494769940078,43,North,Clothing,13.020580985216258,2.694520763601889
2023-08-02,1160.3211918503591,59,East,Books,2.658012890388517,3.761020073807231
2023-08-03,998.9566070639006,57,East,Clothing,6.618358581336338,4.274275920912892
2023-08-04,1358.50350742467,54,North,Books,17.946758821912166,4.327885113597921
2023-08-05,1032.0215511188858,44,East,Clothing,22.069893427175696,3.3778598872592336
2023-08-06,1237.9548960684572,65,North,Books,29.95042534178849,5.0
2023-08-07,1155.687338015594,42,West,Books,27.99339994030673,3.5070601214283994
2023-08-08,1212.3009561005147,62,South,Clothing,19.276955986055746,4.975565760421389
2023-08-09,1647.808854238023,54,South,Home,12.63744159882216,4.541755489497348
2023-08-10,746.1254599280545,65,East,Electronics,19.08532094124698,3.6830181521249576
2023-08-11,1405.2972092384794,46,North,Home,23.56954854240696,5.0
2023-08-12,701.5071238447892,44,North,Clothing,3.5500857277016196,3.2450905345948162
2023-08-13,1016.9782629875648,37,East,Home,12.297146690888647,4.935323338888002
2023-08-14,1524.6009971008061,47,North,Books,25.194068569068516,5.0
2023-08-15,1129.486256767789,36,West,Electronics,11.51498855799132,3.663503832738684
2023-08-16,919.0327845448344,51,South,Clothing,17.156168136815594,5.0
2023-08-17,1008.0440501658204,46,East,Clothing,17.633080825865946,3.999962788320838
2023-08-18,1198.7846045087185,60,East,Clothing,5.5342875940091805,4.430954903423886
2023-08-19,946.7234253877701,44,North,Electronics,10.867063249568652,4.408257471016976
2023-08-20,1147.9895750445942,59,East,Books,10.035338662257963,4.092553006823562
2023-08-21,1017.045010472816,59,West,Clothing,0.7859012559619438,4.848646618527826
2023-08-22,875.9916579405949,64,North,Home,0.7257529167406573,4.834790976441771
2023-08-23,1785.2846486216783,56,North,Clothing,24.950911310273202,2.8011744214094554
2023-08-24,1219.0913343083391,50,North,Clothing,8.192124299184373,5.0
2023-08-25,687.4441101749278,56,North,Clothing,15.542362987164463,2.8700064095714604
2023-08-26,1130.2504553581734,48,West,Clothing,8.961767207663192,5.0
2023-08-27,1112.494753054572,44,North,Books,28.220377353460215,5.0
2023-08-28,1261.5376866706852,47,East,Home,7.778902765973212,3.3272268558278415
2023-08-29,949.9621800648703,46,West,Books,12.889704382168052,3.871348569636332
2023-08-30,1232.8637490539338,32,South,Home,26.181907514538054,3.3154362652112517
2023-08-31,1379.0874702922242,48,South,Clothing,25.25800700375426,4.028063175769012
2023-09-01,1238.6485603364779,56,East,Electronics,5.583042535388319,3.953572572651407
2023-09-02,942.9291186738491,48,East,Books,24.079299293871312,4.823728425815472
2023-09-03,1061.3599740615816,65,West,Electronics,13.74560660213678,5.0
2023-09-04,1036.1385713193972,52,South,Books,14.489066162560656,5.0
2023-09-05,904.1457631334927,65,South,Clothing,4.004399172478314,3.750265578737358
2023-09-06,1385.809199237492,52,South,Books,2.41804541271374,4.032622501004378
2023-09-07,1317.0662606451588,44,South,Clothing,21.838179209212957,2.8532494462232396
2023-09-08,859.2027607822519,44,South,Books,14.893834570658992,3.555303946803049
2023-09-09,1338.6857183839857,56,North,Clothing,13.105521078455386,4.971881306477966
2023-09-10,1736.1715324906293,48,East,Clothing,21.8852468595719,5.0
2023-09-11,1483.5688502902894,54,North,Home,22.96538696973329,3.2125209024960624
2023-09-12,729.3120392719073,57,South,Clothing,4.767245030080607,3.7260285926776846
2023-09-13,1068.4912217002236,44,West,Home,18.30675448432924,4.1788753944328585
2023-09-14,1304.2773502761615,52,West,Clothing,4.060622468330566,4.424128927055685
2023-09-15,1051.975120348391,39,South,Electronics,22.54125258087137,3.5523171840626833
2023-09-16,1303.3446002157193,45,South,Clothing,19.708654688014185,4.539248835571272
2023-09-17,1486.3727727008836,59,West,Electronics,28.698438632503738,3.820928522343267
2023-09-18,831.466153394089,53,North,Electronics,2.0687404906926354,4.188438183297377
2023-09-19,1005.0075729775242,38,North,Clothing,1.7116416345376295,4.63702739840296
2023-09-20,381.5240294545834,47,South,Electronics,8.465612240796004,4.20513781584875
2023-09-21,857.5488927687536,55,North,Home,7.851170512077179,3.850891287578745
2023-09-22,1019.8372707200728,38,West,Books,7.409363972159994,4.1123121568593355
2023-09-23,954.4711843141755,54,North,Clothing,27.1876374156311,4.1293096326357315
2023-09-24,1425.78784299043,58,South,Electronics,7.486385995485183,3.903991176094298
2023-09-25,772.2210488827657,50,West,Clothing,8.15849178385893,3.992963149866318
2023-09-26,1119.7604402709346,58,North,Home,22.78194787253891,5.0
2023-09-27,1164.5980229902125,54,East,Clothing,13.4921952735162,4.648735558352991
2023-09-28,1588.4349556442874,45,West,Clothing,23.301316708655435,3.963615745576672
2023-09-29,726.8060095365438,57,West,Electronics,1.9609847269315572,4.757563523608589
2023-09-30,1412.9316168775556,58,East,Home,14.62713581020153,3.9329444081951923
2023-10-01,1012.1513304602081,54,East,Books,1.008408005498479,5.0
2023-10-02,818.8045511545783,54,West,Books,1.8795961036606357,4.4957137537584755
2023-10-03,1389.4840046395457,52,East,Electronics,27.193123600332328,4.114158284796617
2023-10-04,1083.2486389210535,42,South,Clothing,4.177361133527855,4.558173540648222
2023-10-05,1020.5087564958071,59,South,Electronics,15.972620468256514,2.9432990783452007
2023-10-06,1139.010817589721,58,South,Electronics,12.332868078021196,3.298586024872156
2023-10-07,1019.1101121220975,46,West,Electronics,10.42029978776528,3.244859994880756
2023-10-08,1298.7822743106894,42,East,Clothing,26.995000370618175,4.3143544758109655
2023-10-09,1139.8401503624941,58,East,Home,0.654701903264685,5.0
2023-10-10,1579.5071653612467,53,North,Electronics,19.913690585267673,5.0
2023-10-11,969.9049567695121,53,North,Clothing,28.901833026406514,4.710440881152606
2023-10-12,1666.348575814487,56,East,Home,16.805045503855258,4.600675579955566
2023-10-13,780.9035967982213,56,East,Electronics,28.104673860992754,2.759153812677809
2023-10-14,984.8444267482632,69,East,Books,1.567736378580713,3.7658609602127826
2023-10-15,1258.0844359534906,54,West,Home,12.563799572224841,3.5697729984734092
2023-10-16,1138.6318442509166,46,East,Electronics,7.804733728861535,3.703321921399107
2023-10-17,1067.4014736920005,37,North,Home,21.924628949421894,4.065484945132169
2023-10-18,1240.510891553119,47,West,Home,29.4389127149174,3.8223275378422983
2023-10-19,970.7706581683216,55,East,Home,7.6959018733274345,2.61656015169937
2023-10-20,1055.2465817535692,56,North,Home,19.625238044222233,4.798328204894027
2023-10-21,1239.4479590845815,50,West,Home,5.942928982792203,3.341805579408155
2023-10-22,1253.11207289849,54,East,Home,16.959907637148298,4.39139749128892
2023-10-23,981.3100306596011,48,East,Electronics,13.917974600650085,5.0
2023-10-24,1523.9865263835304,42,East,Books,29.16015988894611,3.4644923267308614
2023-10-25,1255.23809434466,54,West,Clothing,18.255818180893996,2.175769981802936
2023-10-26,1284.4703648035702,38,North,Home,10.485191162604563,3.9711966224959117
2023-10-27,1164.4647836655438,53,North,Clothing,3.422873546638001,5.0
2023-10-28,872.0520744497231,66,South,Electronics,4.537404862048037,5.0
2023-10-29,947.9857746143324,49,East,Home,6.759507898537053,3.2163603244380665
2023-10-30,1236.001466293866,48,South,Books,7.5289998402089395,4.597359378589218
2023-10-31,1408.4103153794217,48,South,Clothing,25.518481735234133,3.8277516345759572
2023-11-01,1163.4826906412814,60,North,Home,16.83668364847575,4.115241316556691
2023-11-02,1184.1672352388155,43,West,Electronics,15.701727341230994,5.0
2023-11-03,1298.7618102414426,53,West,Books,3.443066156076524,2.9976237372838774
2023-11-04,1109.1975882584113,59,North,Clothing,25.80419080048305,4.402991729195659
2023-11-05,1349.9907559380092,71,West,Clothing,21.68442909625451,4.574154537412347
2023-11-06,979.0410553485166,59,South,Home,2.0300508570000475,5.0
2023-11-07,1159.5693447844008,56,East,Books,21.23505291689306,4.278386522776716
2023-11-08,1418.6504682834209,41,North,Books,16.30614652027938,4.446440431603282
2023-11-09,1193.6483197120049,62,East,Books,2.4517603724033474,3.886681146062567
2023-11-10,1322.562038942855,57,West,Books,13.749019245859694,4.415301552996086
2023-11-11,1444.47029141516,40,East,Electronics,14.540888613901409,3.925446179602072
2023-11-12,1054.1420445068345,54,West,Books,4.973236204898273,4.697257511884841
2023-11-13,1458.7953380367765,43,West,Clothing,28.37094441000847,3.904311731165093
2023-11-14,1177.1161140238898,36,South,Clothing,25.499261144419858,4.5016803151217495
2023-11-15,1278.552443545937,45,West,Electronics,20.07067011987325,4.176589749052018
2023-11-16,1109.050184046891,46,South,Clothing,13.868866830018217,5.0
2023-11-17,1145.3252312373006,48,South,Clothing,12.352966247535255,4.158885021129211
2023-11-18,1337.5693311735438,52,South,Books,19.529204014528624,2.781574025434495
2023-11-19,973.2084059647715,54,North,Clothing,16.362956082207162,5.0
2023-11-20,1444.977354163538,56,North,Electronics,1.8681931764565685,3.475414159309905
2023-11-21,921.6121239675039,50,West,Books,15.375079463109952,3.676986929080944
2023-11-22,940.3357972510084,41,South,Home,24.192108516985186,3.7234709647652062
2023-11-23,1401.3051797264936,52,North,Books,13.777196327908742,5.0
2023-11-24,1176.3874371082102,51,South,Electronics,1.5586973266280524,2.4914606288170438
2023-11-25,1390.1513315827408,46,East,Books,23.588345981520995,5.0
2023-11-26,1193.6697981876648,38,East,Books,6.040913464079232,5.0
2023-11-27,1074.9468596599274,30,East,Electronics,7.758625046641163,4.378591131303328
2023-11-28,861.0940219948053,48,West,Books,4.941190602968877,4.156084799506971
2023-11-29,1115.7273395262841,51,South,Electronics,9.906451946144927,4.428443259886126
2023-11-30,1060.8465207172794,57,East,Electronics,22.70254517065905,4.616897942703471
2023-12-01,1381.2275085863573,42,North,Home,15.58157578511812,4.716172468760046
2023-12-02,1030.2451477230604,53,East,Clothing,6.1464382245213764,4.644483572802759
2023-12-03,1054.7708079606302,54,East,Clothing,26.334902344561225,4.2716645450041995
2023-12-04,1182.636278869482,55,East,Books,26.387455648545874,4.0421292637541395
2023-12-05,1365.3291712758407,47,West,Books,26.117352751380206,4.078981373077191
2023-12-06,950.8170356053263,38,North,Home,7.163886341446179,4.044073375717855
2023-12-07,948.6666326169525,51,South,Home,13.537180325429643,5.0
2023-12-08,1358.6361020998459,49,North,Home,29.54968968422625,4.67484537782469
2023-12-09,1291.9440920652305,50,South,Electronics,23.16037428929971,1.8476890922685758
2023-12-10,905.9352509664783,38,West,Home,0.8150226367667945,4.724720621223809
2023-12-11,923.5108846433303,44,West,Home,1.9561377378147615,4.3557889557750205
2023-12-12,1192.0487153308798,59,West,Books,13.917941304369982,4.185032994843282
2023-12-13,904.1515408741373,43,West,Home,27.276606175846805,3.8891852375288916
2023-12-14,834.6255885619055,53,South,Electronics,16.161053938581425,5.0
2023-12-15,984.1958769799348,51,East,Electronics,14.934375241028707,4.958021169698286
2023-12-16,987.6018959944447,43,South,Books,3.1642109986989175,3.5816978657411127
2023-12-17,1271.4674187464711,37,North,Home,19.70340314172882,4.525641829699628
2023-12-18,1614.4758921079033,45,West,Home,24.663094818006766,3.422674612366971
2023-12-19,1305.2341797105191,59,West,Electronics,11.41260022522687,3.0963054681688558
2023-12-20,1193.2528361293603,55,North,Home,23.268355527759823,3.698626220328028
2023-12-21,1284.4393132756336,47,South,Home,28.934299617024347,4.889914777906207
2023-12-22,848.3671532825183,59,East,Home,6.112993773830673,4.962500036300869
2023-12-23,1152.7149538020751,49,East,Clothing,15.699888935842239,4.610468336077835
2023-12-24,1023.436568511565,50,North,Books,8.614138742537266,4.780076629478398
2023-12-25,1317.7521679778672,61,East,Clothing,23.78563257101518,4.6129426296919664
2023-12-26,979.1636347510367,45,South,Books,17.327800976434727,3.686814723821638
2023-12-27,1314.0181181065348,62,South,Electronics,19.037472526509113,4.545538035739153
2023-12-28,1619.3016753860256,53,North,Home,23.93742478847682,4.840327620182146
2023-12-29,1094.4551636638869,55,South,Books,11.879114179873646,4.80343306385086
2023-12-30,1376.9255093772272,42,West,Clothing,27.452702052211297,5.0
2023-12-31,1320.0094587243746,72,North,Home,15.9908660173842,4.766643077760851
